Video ID,Playlist Video Creation Timestamp
3NIhdC65ee8,2012-11-12T17:48:29+00:00
RNk3chlHFeg,2012-11-12T17:48:29+00:00
0gMMmYzBUZA,2012-11-12T17:48:29+00:00
LWpKACBSjk0,2012-11-12T17:48:29+00:00
6x5YWLtc4Aw,2012-11-12T17:48:29+00:00
GAM2k-pT5-w,2012-11-12T17:48:29+00:00
BSukIApSXnA,2012-11-12T17:48:29+00:00
kT_dxjDuoyw,2012-11-12T17:48:29+00:00
Wn1lZKBAtQ0,2012-11-12T17:48:29+00:00
xKbE5mEuyDY,2012-11-12T17:48:29+00:00
2L3GHo3JPg8,2012-11-12T17:48:29+00:00
 -zD9dlQ5aGc,2012-11-12T17:48:29+00:00
 -hYv3J1Jz9c,2012-11-12T17:48:29+00:00
qhDMzMIViOw,2012-11-12T17:48:29+00:00
D5CrZ7lIO58,2012-11-12T17:48:29+00:00
H8XD9Fhvqfo,2012-11-12T17:48:29+00:00
xjF2SvzlOm0,2012-11-12T17:48:29+00:00
cDlk9BQNuMQ,2017-03-09T02:56:52+00:00





